sequence,qseqid,ori_type,pct_identity,pct_cov_subject,q_start,q_end,strand,qlen,sstart,send,slen,length,bitscore,evalue
seq_18,seq_18,ColE1,99.66,100.0,800,1388,+,13362,1,589,589,589,1054,0.0
seq_18,seq_18,ColE1,99.66,100.0,8224,8812,-,13362,589,1,589,589,1054,0.0
seq_18,seq_18,Col(pHAD28)_1__KU674895,89.313,100.0,3916,4046,+,13362,1,131,131,131,174,1.6400000000000002e-43
seq_18,seq_18,Col(pHAD28)_1__KU674895,89.313,100.0,2812,2942,-,13362,131,1,131,131,174,1.6400000000000002e-43
