sequence,qseqid,ori_type,pct_identity,pct_cov_subject,q_start,q_end,strand,qlen,sstart,send,slen,length,bitscore,evalue
seq_33,seq_33,ColE1,99.66,100.0,3255,3843,+,22861,1,589,589,589,1054,0.0
seq_33,seq_33,ColE1,99.66,100.0,7547,8135,+,22861,1,589,589,589,1054,0.0
seq_33,seq_33,ColE1,99.66,100.0,10298,10886,-,22861,589,1,589,589,1054,0.0
seq_33,seq_33,Col(pHAD28)_1__KU674895,89.313,100.0,22273,22403,-,22861,131,1,131,131,174,2.8000000000000002e-43
seq_33,seq_33,Col(pHAD28)_1__KU674895,89.313,100.0,21777,21907,-,22861,131,1,131,131,174,2.8000000000000002e-43
seq_33,seq_33,Col(pHAD28)_1__KU674895,89.313,100.0,20029,20159,-,22861,131,1,131,131,174,2.8000000000000002e-43
seq_33,seq_33,Col(pHAD28)_1__KU674895,89.313,100.0,17045,17175,-,22861,131,1,131,131,174,2.8000000000000002e-43
seq_33,seq_33,Col(pHAD28)_1__KU674895,89.313,100.0,15083,15213,-,22861,131,1,131,131,174,2.8000000000000002e-43
