sequence,qseqid,ori_type,pct_identity,pct_cov_subject,q_start,q_end,strand,qlen,sstart,send,slen,length,bitscore,evalue
seq_17,seq_17,ColE1,99.66,100.0,7477,8065,+,8662,1,589,589,589,1054,0.0
seq_17,seq_17,Col(pHAD28)_1__KU674895,89.313,100.0,5608,5738,-,8662,131,1,131,131,174,1.0600000000000001e-43
seq_17,seq_17,Col(pHAD28)_1__KU674895,89.313,100.0,2474,2604,-,8662,131,1,131,131,174,1.0600000000000001e-43
