sequence,qseqid,ori_type,pct_identity,pct_cov_subject,q_start,q_end,strand,qlen,sstart,send,slen,length,bitscore,evalue
seq_77,seq_77,ColE1,99.66,100.0,10190,10778,-,12776,589,1,589,589,1054,0.0
seq_77,seq_77,ColE1,99.66,100.0,2410,2998,-,12776,589,1,589,589,1054,0.0
seq_77,seq_77,Col(pHAD28)_1__KU674895,89.313,100.0,7898,8028,-,12776,131,1,131,131,174,1.5700000000000002e-43
seq_77,seq_77,Col(pHAD28)_1__KU674895,89.313,100.0,5238,5368,-,12776,131,1,131,131,174,1.5700000000000002e-43
seq_77,seq_77,Col(pHAD28)_1__KU674895,89.313,100.0,911,1041,-,12776,131,1,131,131,174,1.5700000000000002e-43
