sequence,qseqid,ori_type,pct_identity,pct_cov_subject,q_start,q_end,strand,qlen,sstart,send,slen,length,bitscore,evalue
seq_43,seq_43,Col(pHAD28)_1__KU674895,89.313,100.0,9740,9870,-,10431,131,1,131,131,174,1.2800000000000002e-43
seq_43,seq_43,Col(pHAD28)_1__KU674895,89.313,100.0,4975,5105,-,10431,131,1,131,131,174,1.2800000000000002e-43
seq_43,seq_43,Col(pHAD28)_1__KU674895,89.313,100.0,1874,2004,-,10431,131,1,131,131,174,1.2800000000000002e-43
