sequence,qseqid,ori_type,pct_identity,pct_cov_subject,q_start,q_end,strand,qlen,sstart,send,slen,length,bitscore,evalue
seq_69,seq_69,ColE1,99.66,100.0,10850,11438,-,26128,589,1,589,589,1054,0.0
seq_69,seq_69,ColE1,99.66,100.0,16899,17487,+,26128,1,589,589,589,1054,0.0
seq_69,seq_69,ColE1,99.66,100.0,7764,8352,-,26128,589,1,589,589,1054,0.0
seq_69,seq_69,ColE1,99.66,100.0,5608,6196,-,26128,589,1,589,589,1054,0.0
seq_69,seq_69,ColE1,99.66,100.0,22935,23523,+,26128,1,589,589,589,1054,0.0
seq_69,seq_69,ColE1,99.66,100.0,1571,2159,-,26128,589,1,589,589,1054,0.0
seq_69,seq_69,Col(pHAD28)_1__KU674895,89.313,100.0,810,940,+,26128,1,131,131,131,174,3.2000000000000002e-43
seq_69,seq_69,Col(pHAD28)_1__KU674895,89.313,100.0,12726,12856,-,26128,131,1,131,131,174,3.2000000000000002e-43
seq_69,seq_69,Col(pHAD28)_1__KU674895,89.231,99.23664122137404,1317,1446,+,26128,1,130,131,130,172,1.12e-42
