sequence,qseqid,ori_type,pct_identity,pct_cov_subject,q_start,q_end,strand,qlen,sstart,send,slen,length,bitscore,evalue
seq_28,seq_28,ColE1,99.83,100.0,4637,5225,+,16714,1,589,589,589,1058,0.0
seq_28,seq_28,ColE1,99.83,100.0,11811,12399,+,16714,1,589,589,589,1058,0.0
seq_28,seq_28,Col(pHAD28)_1__KU674895,89.313,100.0,12558,12688,-,16714,131,1,131,131,174,2.0500000000000003e-43
seq_28,seq_28,Col(pHAD28)_1__KU674895,89.313,100.0,1416,1546,-,16714,131,1,131,131,174,2.0500000000000003e-43
