sequence,qseqid,ori_type,pct_identity,pct_cov_subject,q_start,q_end,strand,qlen,sstart,send,slen,length,bitscore,evalue
seq_14,seq_14,ColE1,99.66,100.0,10730,11318,+,13245,1,589,589,589,1054,0.0
seq_14,seq_14,Col(pHAD28)_1__KU674895,89.313,100.0,12738,12868,-,13245,131,1,131,131,174,1.6200000000000001e-43
seq_14,seq_14,Col(pHAD28)_1__KU674895,89.313,100.0,3414,3544,-,13245,131,1,131,131,174,1.6200000000000001e-43
