sequence,ori_type,pct_identity,pct_cov_subject,q_start,q_end,strand,qlen,sstart,send,slen,length,bitscore,evalue
McClain_PlasmidGPT_RL_GFP_cassette_0000,gb|pORI00000239|,99.904,92.88256227758008,2499,3541,-,8051,1124,81,1124,1044,1875.0,0.0
McClain_PlasmidGPT_RL_ATG_0000,gb|pORI00000239|,99.904,92.88256227758008,1870,2912,-,7042,1124,81,1124,1044,1875.0,0.0
UCL_CSSB_PlasmidGPT_GFP_cassette_0022,gb|pORI00000239|,100.0,88.61209964412811,4607,5602,-,11983,1124,129,1124,996,1797.0,0.0
UCL_CSSB_PlasmidGPT_GFP_cassette_0024,gb|pORI00000239|,100.0,83.18505338078292,972,1906,+,7342,190,1124,1124,935,1687.0,0.0
UCL_CSSB_PlasmidGPT_GFP_cassette_0000,gb|pORI00000239|,99.895,84.51957295373666,6178,7126,+,9390,81,1030,1124,950,1706.0,0.0
UCL_CSSB_PlasmidGPT_GFP_cassette_0014,gb|pORI00000239|,99.789,84.16370106761566,7594,8539,-,9930,1124,179,1124,946,1698.0,0.0
UCL_CSSB_PlasmidGPT_GFP_cassette_0014,gb|pORI00000239|,99.789,84.16370106761566,3053,3998,-,9930,1124,179,1124,946,1698.0,0.0
