sequence,qseqid,ori_type,pct_identity,pct_cov_subject,q_start,q_end,strand,qlen,sstart,send,slen,length,bitscore,evalue
seq_46,seq_46,ColE1,99.66,100.0,5217,5805,+,10436,1,589,589,589,1054,0.0
seq_46,seq_46,Col(pHAD28)_1__KU674895,89.313,100.0,9990,10120,-,10436,131,1,131,131,174,1.2800000000000002e-43
seq_46,seq_46,Col(pHAD28)_1__KU674895,89.313,100.0,7621,7751,-,10436,131,1,131,131,174,1.2800000000000002e-43
seq_46,seq_46,Col(pHAD28)_1__KU674895,89.313,100.0,6704,6834,-,10436,131,1,131,131,174,1.2800000000000002e-43
