sequence,qseqid,ori_type,pct_identity,pct_cov_subject,q_start,q_end,strand,qlen,sstart,send,slen,length,bitscore,evalue
seq_98,seq_98,ColE1,99.66,100.0,4348,4936,-,12600,589,1,589,589,1054,0.0
seq_98,seq_98,Col(pHAD28)_1__KU674895,89.313,100.0,9004,9134,-,12600,131,1,131,131,174,1.5500000000000002e-43
seq_98,seq_98,Col(pHAD28)_1__KU674895,89.313,100.0,6183,6313,-,12600,131,1,131,131,174,1.5500000000000002e-43
